name,subjective_score,confidence_95_to_original
ShannonLab,1.848477609480369,0.059886355235425626
DeepView,1.5783185144102103,0.05838462149593195
Nobody,1.3054176144490077,0.05733101259184353
ChouPiJiang,1.1401993342524521,0.05690012071439701
VQE,1.0995012893194431,0.056817301556095344
ByteMM,0.7611459548965849,0.056491140357012505
TACO_SR,0.6173373192537054,0.05655868626354062
Original,0.0,0.0
