name,subjective_score,confidence_95_to_original
original,0.0,0.0
TACO_SR,0.6178403885051368,0.13203156633242374
ByteMM,0.9598174063654166,0.13169735780715824
VQE,1.3454883622651557,0.13297851665211416
ChouPiJiang,1.3712237433135142,0.13312153937802199
Nobody,1.4523111275687899,0.13361886641884843
DeepView,1.997710674842176,0.13892636104917322
ShannonLab,2.1491100871595474,0.14108968824224793
