name,subjective_score,confidence_95_to_original
ShannonLab,2.149161072549972,0.1410909324302447
DeepView,1.9977632880170038,0.1389276131620625
Nobody,1.4523420234497548,0.13361989469524788
ChouPiJiang,1.3712632482264946,0.13312261928477778
VQE,1.345525457113669,0.13297958157483583
ByteMM,0.9598655623930443,0.1316983943152462
TACO_SR,0.6178748949794315,0.13203252195739093
Original,0.0,0.0
