name,subjective_score,confidence_95_to_original
ShannonLab,1.7796967166398923,0.06620005999932352
DeepView,1.4816117259650852,0.06441957889511196
Nobody,1.2730893875529137,0.06354890292970922
ChouPiJiang,1.0873058334025123,0.06301290394835951
VQE,1.0429481551149549,0.0629176369270417
ByteMM,0.7156069244490271,0.06261091477571115
TACO_SR,0.6184829741429617,0.06266025107009182
Original,0.0,0.0
