name,subjective_score,confidence_95_to_original
original,0.0,0.0
TACO_SR,0.6184761171654432,0.06266024983849172
ByteMM,0.7156067782394293,0.06261090756950696
VQE,1.0429499675764782,0.06291763280558449
ChouPiJiang,1.087307283887033,0.06301289943012107
Nobody,1.2730976019812008,0.06354892336059552
DeepView,1.481621010692254,0.06441961569737507
ShannonLab,1.779675885572398,0.06619990289391388
